sentiment,percentage
Positive,42.857142857142854
Negative,42.857142857142854
Neutral,14.285714285714285
